name,email
David,david@ggmail.com
Jill,jill@ggmail.com
James,james@ggmail.com
Ruby,ruby@ggmail.com
Sarah,sarah@ggmail.com
Tom,tom@ggmail.com
Harry,harry@ggmail.com
Kate,kate@ggmail.com
John,john@ggmail.com
Jack,jack@ggmail.com